frame_idx,size,pix2pix_ms,grace_enc_ms
0,36960,17,182
1,806,16,2589
2,1238,16,149
3,1166,16,157
4,1443,16,147
5,1598,15,148
6,1442,15,148
7,1496,17,151
8,1340,16,151
9,1033,16,151
10,1012,15,151
11,1751,15,150
12,1845,15,150
13,1209,15,149
14,1817,15,150
15,1482,15,150
16,1151,15,149
17,1057,15,150
18,1119,15,151
19,880,15,151
20,967,16,155
21,1709,15,190
22,1628,15,151
23,1438,15,150
24,956,15,149
25,1191,15,151
26,1448,15,150
27,1800,15,153
28,1634,16,157
29,1760,15,150
30,1666,15,150
31,1508,15,151
32,1221,15,156
33,1323,15,152
34,1175,15,151
35,1341,17,153
36,991,15,151
37,1208,15,150
38,1390,15,149
39,1614,15,181
40,1683,15,149
41,1704,15,150
42,1381,15,149
43,1450,15,149
44,1704,16,150
45,931,15,151
46,823,15,150
47,1555,15,179
48,1291,16,186
49,1464,16,174
50,1361,15,150
51,999,15,152
52,1036,16,151
53,1168,16,151
54,1192,15,153
55,876,15,160
56,827,16,153
57,893,15,150
58,1289,15,157
59,1074,15,152
60,928,15,150
61,1230,15,151
62,1656,15,150
63,1576,15,152
64,1816,15,152
65,1963,15,150
66,1785,15,153
67,1737,16,151
68,1588,15,150
69,1325,15,150
70,1220,15,153
71,1942,15,150
72,2030,15,149
73,1426,15,154
74,2033,15,150
75,1743,16,150
76,1388,15,162
77,1319,16,151
78,1436,16,151
79,1199,15,150
80,1287,16,151
81,1984,16,152
82,1922,15,157
83,1732,15,152
84,1219,15,151
85,1495,16,150
86,1763,15,151
87,2083,15,152
88,1937,15,153
89,2016,15,152
90,1942,15,150
91,1746,15,151
92,1455,15,151
93,1578,16,156
94,1325,15,152
95,1336,15,154
96,1390,15,155
97,1337,15,151
98,1481,16,152
99,1679,15,153
100,1779,16,152
101,1746,16,150
102,1420,16,152
103,1482,16,158
104,1655,16,154
105,924,16,162
106,1007,15,151
107,964,17,152
108,1446,16,151
109,1419,15,155
110,1334,24,153
111,948,15,152
112,971,15,154
113,1082,16,153
114,1137,17,151
115,821,16,155
116,797,16,152
117,875,16,151
118,1185,15,152
119,1042,15,161
120,925,16,151
121,1191,15,152
122,1628,16,151
123,1569,15,155
124,1810,15,154
125,1945,15,151
126,1798,15,152
127,1743,16,155
128,1603,16,152
129,1340,17,150
130,1259,15,153
131,1989,16,151
132,2063,15,153
133,1459,16,157
134,1982,16,151
135,1680,16,151
136,1322,15,154
137,1253,16,190
138,1309,16,156
139,1056,21,161
140,1159,15,151
141,1861,15,151
142,1814,16,151
143,1593,15,151
144,1108,15,156
145,1331,15,150
146,1595,15,151
147,1942,15,151
148,1772,16,151
149,1860,15,154
150,1774,16,150
151,1613,15,151
152,1334,15,151
153,1452,16,155
154,1580,15,151
155,1327,15,155
156,1052,15,153
157,1247,16,164
158,1458,19,154
159,1660,15,164
160,1753,15,152
161,1750,16,150
162,1407,15,152
163,1494,16,153
164,1765,21,153
165,931,15,151
166,1451,15,151
167,1012,15,150
168,1348,15,151
169,1507,15,150
170,1460,16,157
171,1085,16,151
172,1082,15,152
173,1262,270,163
174,221,0,27
175,225,0,28
176,228,0,27
177,227,0,28
178,197,0,27
179,254,0,27
180,229,0,27
181,226,0,28
182,1299,15,157
183,993,15,158
184,940,16,162
185,1004,15,152
186,1392,16,152
187,1184,16,154
188,1044,15,160
189,1335,16,153
190,1745,15,152
191,1706,15,152
192,1934,22,163
193,2060,15,152
194,1884,16,156
195,1847,15,186
196,1680,21,152
197,1422,15,154
198,1299,16,153
199,2020,15,151
200,2119,15,151
201,1480,18,151
202,2069,16,150
203,1730,16,155
204,1357,17,152
205,1265,15,151
206,1354,16,151
207,1081,16,152
208,1129,16,152
209,1865,16,151
210,1804,15,153
211,1568,16,150
212,1080,15,161
213,1347,15,151
214,1615,16,153
215,1915,16,152
216,1747,15,153
217,1862,15,151
218,1728,15,152
219,1604,15,151
220,1246,16,151
221,1603,16,175
222,1439,17,157
223,1212,15,153
224,1013,15,151
225,1204,15,152
226,1396,15,162
227,1590,15,151
228,1710,16,150
229,1690,15,184
230,1422,15,153
231,1501,15,156
232,1735,16,151
233,884,16,163
234,836,15,151
235,958,16,150
236,1279,15,151
237,1525,15,152
238,1441,15,163
239,1017,15,152
240,1038,15,151
241,1157,15,150
242,1226,15,151
243,888,15,151
244,851,16,152
245,921,15,154
246,1327,109,156
247,213,0,27
248,214,0,28
249,213,0,28
250,1107,15,151
251,965,15,152
252,1279,15,152
253,1707,15,150
254,1652,15,153
255,1896,15,150
256,1993,16,151
257,1887,16,151
258,1781,16,185
259,1687,16,152
260,1346,15,161
261,1256,15,151
262,2012,15,151
263,2098,15,151
264,1553,15,151
265,1972,16,150
266,1751,16,150
267,1318,15,150
268,1225,16,152
269,1312,15,151
270,1040,16,153
271,1078,16,153
272,1814,15,153
273,1733,21,151
274,1506,16,152
275,991,21,152
276,1274,15,154
277,1554,15,156
278,1877,21,153
279,1727,15,186
280,1806,16,151
281,1680,15,151
282,1518,15,151
283,1207,15,159
284,1318,15,154
285,1115,16,152
286,1186,15,153
287,933,72,156
288,197,0,27
289,197,0,28
290,1132,15,154
291,1307,15,151
292,1512,16,150
293,1670,16,151
294,1644,15,151
295,1313,19,151
296,1406,15,151
297,1729,15,152
298,792,16,150
299,763,16,183
300,866,15,150
301,1218,15,151
302,1402,16,152
303,1338,15,153
304,939,15,155
305,966,15,151
306,1075,16,153
307,1150,16,153
308,803,15,154
309,772,16,151
310,844,16,153
311,1231,15,155
312,1017,24,167
313,894,21,151
314,1191,15,152
315,1630,15,151
316,1569,16,151
317,1821,15,151
318,1921,15,150
319,1778,16,155
320,1723,16,150
321,1582,16,150
322,1267,16,153
323,1153,16,153
324,1910,16,151
325,1967,15,151
326,1492,16,151
327,1906,15,152
328,1683,16,151
329,1302,16,152
330,1168,16,154
331,1281,16,154
332,1000,16,152
333,1061,15,153
334,1813,16,154
335,1775,16,151
336,1626,15,153
337,1006,16,157
338,1257,16,151
339,1532,16,157
340,1866,15,151
341,1725,16,157
342,1795,19,153
343,1696,16,151
344,1512,16,151
345,1217,16,151
346,1337,15,151
347,1145,16,162
348,1191,16,164
349,935,15,152
350,1141,15,150
351,1330,16,153
352,1537,15,158
353,1632,16,151
354,1632,16,151
355,1312,15,150
356,1406,16,151
357,1645,15,153
358,818,16,152
359,765,16,152
360,866,16,151
361,1214,16,151
362,1411,16,151
363,1332,16,151
364,960,15,151
365,983,16,151
366,1105,16,152
367,1161,16,152
368,830,15,152
369,787,16,152
370,842,16,154
371,1212,15,152
372,1024,16,151
373,904,16,153
374,1198,16,151
375,1646,16,153
376,1581,16,152
377,1827,15,150
378,1920,15,150
379,1770,16,150
380,1729,16,153
381,1609,16,151
382,1273,16,161
383,1175,15,162
384,1965,16,151
385,2038,16,152
386,1398,16,150
387,1956,16,152
388,1687,16,151
389,1301,16,151
390,1225,16,152
391,1314,16,152
392,1035,15,152
393,1104,16,152
394,1857,16,156
395,1786,16,152
396,1654,15,151
397,1276,15,167
398,1369,15,157
399,1601,16,152
